id,user,date,timestamp,commentText,likes,hasReplies,numberOfReplies,replies.id,replies.user,replies.date,replies.timestamp,replies.commentText,replies.likes
UgzJeiSLdcNX-UVrP414AaABAg,karmem barboza,3 days ago,1528505774500,"Magno Malta, o STF CONTRA VOTO IMPRESSO, QUAL √â SUA MANIFESTA√á√ïES A RESPEITO?",0,false,0,,,,,,
Ugz45fJG5nfVawHWLi14AaABAg,Edward Ruanas,3 months ago,1520816174517,"S√≥ o Brasil utiliza estas urnas eletr√¥nicas nojentas. Sabemos que √© tudo uma farsa, a quantidade de nulos, brancos e justificativas s√≥ aumentam...",0,false,0,,,,,,
UgxD8zAMc9gkSHF4ojt4AaABAg,Carlos Augusto,3 months ago,1520816174525,Pq tanta resist√™ncia ao voto impresso ? Pq ser√°?,0,false,0,,,,,,
UgzJFaq0Wp0hUHeOgSp4AaABAg,Carlos Augusto,3 months ago,1520816174531,Voto impresso j√°,0,false,0,,,,,,
UgzipdJ4Iscc5pb3IgJ4AaABAg,thiago jos√©,4 months ago,1518396974540,Se o pt defende essas urnas √© porque √© fraudulentas.,0,false,0,,,,,,
UgwnammlTNME0oXpNIh4AaABAg,gomes da silva Silva,4 months ago,1518396974544,Bolsonaro Bolsonaro Bolsonaro Bolsonaro Bolsonaro Bolsonaro Bolsonaro Bolsonaro Bolsonaro Bolsonaro Bolsonaro Bolsonaro Bolsonaro Bolsonaro Bolsonaro Bolsonaro Bolsonaro Bolsonaro Bolsonaro Presidente da rep√∫blica federativa do Brasil vice presidente General Mour√£o.,0,false,0,,,,,,
UgyAQdMp4IIhmoQ84FR4AaABAg,Bo√° Moinha Israel,4 months ago,1518396974553,Rakes emtrao nos computadores da NASA n√£o v√£o entrar em uma urna eletr√¥nica,0,false,0,,,,,,
UgzkfDglWSC0I_UAhKN4AaABAg,Nair Piccolo,5 months ago,1515718574558,"Voto so no papel sua vaca ,gleise",0,false,0,,,,,,
UgyK7XafhopAOTHSist4AaABAg,Lulu Soares,8 months ago,1507769774565,"CALA BOCA CARA P√ÄLIDA! TODAS AS URNAS N√ÉO ESTAVAM FRAUDADAS, AT√à PORQUE VOC√äS N√ÉO S√ÉO T√ÉO BURROS ASSIM, SE FOSSE N√ÉO TERIAM CHEGADO AONDE CHEGARAM!  DIFERENTE DE SEUS ELEITORES!!! MAS AS URNAS DO ESTADO DO ACRE SIM, ESSAS N√ÉO S√í ESTAVAM FRAUDADAS COMO TIVERAM UM ATRASO DE 2 HORAS NO FECHAMENTO DAS URNAS PARA COMPUTAR OS VOTOS SECRETOS QUE DERAM A VIT√íRIA A DILMA ROUSSEFF!!! DILMA SE TORNO PRESIDENTE EM 2014 PELO VOTO SECRETO ILEGITIMO E INCONSTITUCIONAL!!",2,false,0,,,,,,
UggKP13vSBpXe3gCoAEC,laudevino luiz vicente,11 months ago,1499820974568,e vc  que acompanhou  malta   fraude voceis  fizeram com  a Dilma seus bandidos,0,false,0,,,,,,
UggAy4wqRMKCt3gCoAEC,laudevino luiz vicente,11 months ago,1499820974576,como sabe ser burro esse malta  como o povo vota em um cidad√£o desse ?,0,false,0,,,,,,
UghJiZDjBb3K_ngCoAEC,laudevino luiz vicente,11 months ago,1499820974584,a merda que se elegeu em S√£o paulo do PS D B  tambem foi fraudada,0,false,0,,,,,,
UghL82Vr7bX6uXgCoAEC,laudevino luiz vicente,11 months ago,1499820974590,est√° este cachorro latindo de novo  chamado malta  puxa saco de A√©cio  isso gressi  no tempo do F H C n√£o era fraldulenta era  modelo para outros paizes   alias fraldulento √© este pastor malta aproveitando de fieis,0,false,0,,,,,,
Ugh-YjnjzAyFdXgCoAEC,gilmar mam√°,11 months ago,1499820974598,Bolsonado 2018,0,false,0,,,,,,
UghCV7QB9OWyY3gCoAEC,Musico Gomes,11 months ago,1499820974602,"Os computadores do google foi invadido, do FBI, nasa, BANCO DO BRASIL so a URNA Brasileira e inviolavel, kkkkk agora voto impresso, que piada, tem votar na caneta e com um milhoes de brasileiros conferindo voto a voto, isso sim e democracia...",0,false,0,,,,,,
UghbJ6JW6L-kmXgCoAEC,Odilon Diogo,1 year ago,1497228974611,"COM URNA ELETRONICA N√ÉO VOTO JAMAIS E MILH√ïES DE BRASILEIROS TAMB√âM, URNAS ELETRONICAS A FARSA DA POLITICA NACIONAL, SO ELEGEM CORRUPTOS E CANALHAS, SEMPRE S√ÉO OS MESMOS.",0,false,0,,,,,,
UgisY092YHQOl3gCoAEC,Ailton Teixeira Teixeira,1 year ago,1497228974618,malta √© aquele que fez suruba no jatinho da itatiaia moveis,0,false,0,,,,,,
UghfkQBD__kbMngCoAEC,Joao Batista,1 year ago,1497228974625,Mano Malta pare de peidar pela boca !,0,true,1,,,,,,
,,,,,,,,UghfkQBD__kbMngCoAEC.8SZIXmJ7Iwt8WJWo3TDgtU,ricardo g c,9 months ago,1505177774980,kkkkkkkkk tem sentido,0
UggkZt_fAZtFOHgCoAEC,Carlinhos Jipa,1 year ago,1497228974636,"Grande senador Magno Malta,  como sempre arrasando nos seus coment√°rios. Porque voc√™s acham que o Lula ainda esta com esperan√ßas em ganhar pra presidente? Por isso,  URNA ELETR√îNICA: S√ì O BRASIL USA. O que estragou o v√≠deo foi a narizinho querendo defender a presidenta inocenta.",1,false,0,,,,,,
Ugifn4YgiUHqVXgCoAEC,Joao Neto Ferraz,1 year ago,1497228975696,"gostaria muito de poder votar no Magno, mas sou de outro estado",3,true,1,,,,,,
,,,,,,,,Ugifn4YgiUHqVXgCoAEC.8S9TeBg4zk68YO12s5NPNB,Bersony Oliveira,8 months ago,1507769776204,Joao Neto  tambem eu.,0
UgiS1Gv1iZoZi3gCoAEC,Druca Fate,1 year ago,1497228975711,"As grandes pot√™ncias tecnol√≥gicas mundiais usam o voto em papel. Por que o¬†""super¬† avan√ßado"" Brasil usa a urna eletr√¥nica? A√≠ tem ""marmota"" na certa...",1,false,0,,,,,,
Ugi9-tWJALQN63gCoAEC,Dary Delmar Elias,1 year ago,1497228975747,ESSA GLEYSI TEM UMA CARA DE BURRA - PATETA - IDIOTA - S√çNICA MENTIROSA,3,true,1,,,,,,
,,,,,,,,Ugi9-tWJALQN63gCoAEC.8S8UHLZ2smi8SxBkpUvk8H,Davi GCarvalho,1 year ago,1497228976151,Dary Delmar Elias ent√£o ela t√° na profiss√£o certo e no pa√≠s certo!!!,1
Ugh37y36y_gCnngCoAEC,Marcos Eiras,1 year ago,1497228975766,√â um absurdo. Todos sabem que aconteceu fraude nas elei√ß√µes de 2014 e nada foi feito.,1,false,0,,,,,,
UgglWE630LP3xHgCoAEC,Adailton Geronimo Silva,1 year ago,1497228975771,esse senador comeu no mesmo prato agora q ser santo  voc√™s todos n√£o vale nada bandos de golpista interven√ß√£o militar ja  queria que seu sal√°rio fosse como o meu vc n√£o tava ai ladr√µes de colarinho Branco pilantras,0,false,0,,,,,,
UghKwqinm56MR3gCoAEC,Tiburcius Van der Leeuwen,1 year ago,1497228975780,Interessante que as grandes democracias do planeta n√£o usam urna eletr√¥nica. S√≥ s√£o usadas em pa√≠ses atrasados e/ou ditaduras.,1,false,0,,,,,,
UgjRY36nOgF2V3gCoAEC,Joab,1 year ago,1497228975784,"viva Magno Malta !!!
Bolsonaro Presidente 2018 Urgente !!!!!!",1,false,0,,,,,,
UgiNYeaOPMMT-ngCoAEC,Jefferson Abreu,1 year ago,1497228975792,"Perceberam como eles se melindram quando corre o risco de ser denunciada a FARSA da DITADURA dos vigaristas que deram o GOLPE DE ESTADO no Pa√≠s com a implanta√ß√£o das URNAS ELETR√îNICAS sem C√âDULAS ELEITORAS? Agora vem com esse papo de ""RECIBO""? QUE PORRA DE RECIBO √â ESSA? Vai dizer que este bando de IMPOSTORES n√£o sabem o que √© uma C√âDULA ELEITORAL, que √© OBRIGADA EXISTIR para MATERIALIZAR o voto, e que sem ela a elei√ß√£o √© INCONSTITUCIONAL e n√£o tem validade. Estes IMPOSTORES n√£o t√™m LEGITIMIDADE. Nem o Magno Malta e menos ainda essa puta da AMANTE COXA... Tem √© que meter bala nesses putos.!!!!!!!!",0,false,0,,,,,,
Ughk6CqTn1PQkngCoAEC,"SO JESUS CRISTO SALVA, ELE ESTA VOLTANDO OS SINAIS ESTAO SE CUMPRINDO",1 year ago,1497228975801,SENADOR MAGNO MALTAüëãüëãüëãüëãüëãüëãüëãüëãüëãüëãüëãüëãüëãVOCE ME REPRESENTA MAGNO MALTA.,3,false,0,,,,,,
UggO2q5sBER6-ngCoAEC,fatima garcis,1 year ago,1497228975804,tem que acabar com essas urnas..,1,false,0,,,,,,
UghP4jnTioPSCXgCoAEC,Fernando Loureiro,1 year ago,1497228975813,"Algu√©m tem que explicar para essa Anta que n√£o tem como inspecionar as urnas, a fraude ocorre quando carrega o programa do disquete.",6,false,0,,,,,,
UghZKm8fMSucC3gCoAEC,Marcio Rafael da Silva Silva,1 year ago,1497228975817,a urna s√≥ √© boa quando elege eles,0,false,0,,,,,,
UggYNlRGT7IYOngCoAEC,Marcio Rafael da Silva Silva,1 year ago,1497228975825,aceita que √© melhor senador  kkk,0,false,0,,,,,,
Ugh2da_uabs6LngCoAEC,PARTICIP,1 year ago,1497228975828,"povo burro esses dos coment√°rios , n√£o v√™em que a elite teria fraldado afavor do PSDB ? vamos ser burro, mais a sim √® demais . kkkk",0,false,0,,,,,,
UggA4oO0K48FfHgCoAEC,PARTICIP,1 year ago,1497228975837,"magno malta fala merda , se fosse fraldado as elei√ß√µes na urna , aecio neves teria ganhado para a presid√™ncia , isso por q a elite tem pavor a PT e Lula . aecio t√° do lado da m√≠dia , magno malta vai te converter porcanh√£o .",0,false,0,,,,,,
UgikFcxKh8-LqXgCoAEC,jose lins Lins,1 year ago,1497228975846,urna eletronica ou mecanica para o povo brsileiro nao interessa o povo quer que resolva a robalheira que esta  pais sem lei para politico involvido em roubo,1,true,1,,,,,,
,,,,,,,,UgikFcxKh8-LqXgCoAEC.8LvX7VKgTP58S4k3BSL2mp,Milton Marques,1 year ago,1497228976193,"urna eletr√¥nica √© mais f√°cil de ser burlada .queremos votar nas cedulas de papel .a√≠ sim, tem muitos fiscais .Muita gente olhando.o neg√≥cio √© mais em baixo.",1
UghhS20Pgwr2Z3gCoAEC,Perciliano Mota,1 year ago,1497228975856,pra onde v√£o os impostos que n√≥s  pagamos?,1,true,1,,,,,,
,,,,,,,,UghhS20Pgwr2Z3gCoAEC.8KLQjS_pBam8ch6FPkbVDX,Davi GCarvalho,3 months ago,1520816176180,"Perciliano Mota ...pros bolsos desses pol√≠ticos,  pelo menos uma boa parte... e o q sobra eles usam pra Governar o Pa√≠s!!!

...ou vc acha q o Sistema Pol√≠tico Brasileiro existe pra melhorar a vida das pessoas dessa na√ß√£o???",0
UghiP0hIu6cWWngCoAEC,Cleber Anjos Pimentel,1 year ago,1497228975862,"Senador Magno Malta, sou f√£ incondicional pela sua luta contra toda essa canalha da corrup√ß√£o. Essas urnas nem o Paraguai quis. Todos sabem que elas podem ser manipuladas. Os pa√≠ses de primeiro mundo utilizam c√©dulas eleitorais.",3,false,0,,,,,,
UggEYV7FWAS4yngCoAEC,Via Monteiro,1 year ago,1497228975870,ningu√©m precisa de urnas fraudulentas pra votar fora com esse lixo.sem contar que s√£o car√≠ssimas,1,false,0,,,,,,
UghG3D-DrIu1LngCoAEC,SP SP,1 year ago,1497228975880,a fraude da urna eleitoral e a mesma fraude da lot√©rica nos jogos,1,false,0,,,,,,
UghINnqtlRKYGXgCoAEC,AMORIM Empresa,1 year ago,1497228976902,"creio que a maioria dos brasileiros n√£o confiam nessas urnas eletr√¥nicas, pois j√° se sabe de algumas coisas que se pode fazer cm uma urna eletr√¥nica...
E j√° q n√£o queremos as urnas eletr√¥nicas, pq n√£o se faz um plebiscito para ver qual √© a vontade do povo brasileiro?
S√≥ n√£o vale fazer igual ao plebiscito do desarmamento q votamos contra e mesmo assim n√£o respeitaram...",1,false,0,,,,,,
UghYKZMr0bTbjHgCoAEC,T√¢nia,1 year ago,1497228976908,"Urna eletr√¥nica √© pra ROUBAR votos. Dev√≠amos exigir a retirada dessas urnas. Se n retirar, eu nem perderei meu tempo pra me fazerem de palha√ßa, idiota, ou qualquer tipo desses.",1,false,0,,,,,,
UggxiCyYBPKuM3gCoAEC,M√°rcia Cober,1 year ago,1497228976924,Concordo com o Senador Magno Malta : essas urnas eletr√¥nicas s√£o muito estranhas e obscuras !!!,1,false,0,,,,,,
UggmbgBm3JpP-XgCoAEC,Saco Cheio,1 year ago,1497228976929,"Voto impresso e Escola Sem Partido.
ESSA √© a luta, a premissa maior.",1,false,0,,,,,,
UgiPQuVT1jl_xngCoAEC,"Topografia,",1 year ago,1497228976936,"No comando da administra√ß√£o federal desde 2003, o PT deixou v√°rios legados danosos √†s estatais. Dos esc√¢ndalos bilion√°rios de corrup√ß√£o ao aparelhamento pol√≠tico, quase nada escapou das garras do fisiologismo. Fruto da barganha pol√≠tica, a m√°quina p√∫blica inchou e ficou ainda mais ineficiente, inclusive nas companhias com capital aberto. Apesar de a quantidade de estatais praticamente n√£o ter aumentado ‚Äì passou de 131 ao t√©rmino do governo FHC para 135 no fim de 2014, √∫ltimo dado dispon√≠vel ‚Äì, o n√∫mero de funcion√°rios cresceu 49%.
Significa que, durante os oito anos de mandato do presidente Luiz Inacio Lula da Silva e os cinco anos da gest√£o Dilma Rousseff, as empresas p√∫blicas incorporaram 182 mil pessoas aos seus quadros. No total, h√° quase 553 mil trabalhadores, segundo dados levantados pela DINHEIRO no site do Departamento de Coordena√ß√£o e Governan√ßa das Empresas Estatais (Dest), √≥rg√£o ligado ao Minist√©rio do Planejamento. ‚ÄúEsse incha√ßo nas estatais n√£o tem nenhuma l√≥gica econ√¥mica‚Äù, afirma Gilberto Guimar√£es, especialista em lideran√ßa e gest√£o de pessoas e professor do Grupo Laureate. ‚ÄúA m√°quina p√∫blica vai na contram√£o dos ganhos de produtividade‚Äù.
Se a quantidade excessiva de funcion√°rios √© um peso para o caixa das estatais, a presen√ßa de apadrinhados pol√≠ticos no topo hier√°rquico dessas companhias torna-se um problema ainda maior para a sua sustentabilidade. Na linguagem dos funcion√°rios concursados, os diretores, vice-presidentes e CEOs que assumem o cargo sem um curr√≠culo compat√≠vel s√£o chamados de ‚Äúparaquedistas‚Äù. ‚Äú√â o aparelhamento pelo qual uma pessoa √© indicada por algum pol√≠tico sem entender nada do assunto‚Äù, diz Jason Vieira, economista-chefe da Infinity Asset Management, que trabalhou v√°rios anos nos Estados Unidos.
No presidencialismo americano, salienta Vieira, a inger√™ncia pol√≠tica √© muito menor. ‚ÄúSe os ocupantes de cargos p√∫blicos cumprem as metas, eles podem permanecer mesmo quando troca-se um presidente democrata por um republicano‚Äù, diz o economista. ‚ÄúAqui, no Brasil, a utiliza√ß√£o do Estado como instrumento pol√≠tico leva √† derrocada das estatais.‚Äù √â imperioso notar que todas as cifras negativas envolvendo as estatais administradas pelo PT e seus partidos aliados giram na casa dos bilh√µes de reais, incluindo os desvios investigados pela Pol√≠cia Federal, que j√° prendeu caciques do partido como o ex-ministro-chefe da Casa Civil Jos√© Dirceu.
Alguns exemplos: Preju√≠zo dos Correios em 2015: R$ 2,1 bilh√µes; Necessidade atual de aporte na Caixa: R$ 40 bilh√µes; Preju√≠zo da Petrobras em 2015: R$ 34,8 bilh√µes; Rombo dos quatro maiores fundos de pens√£o estatais em 2015: R$ 60 bilh√µes; Custo das opera√ß√µes do BNDES aos cofres p√∫blicos em 2015: R$ 30,5 bilh√µes.",0,false,0,,,,,,
UgjwUK_BzkCr4XgCoAEC,ABYSMO KEY,1 year ago,1497228976940,226 formas de fraudar as urnas constatadas ! Essa Pin√≥quia faz jus  ao nariz que tem !,2,true,1,,,,,,
,,,,,,,,UgjwUK_BzkCr4XgCoAEC.8HzdTo6Ta_68IkKEppj-dF,Aurelius Carvalhal,1 year ago,1497228977317,fora com urna  eletr√¥nica! !!! N√£o confio nem um pouco,2
Ugh21kfsHRSM_3gCoAEC,S√©rgio A.,1 year ago,1497228976949,"Certamente h√° interesse que no Brasil o voto seja eletr√¥nico, pois √© muito mais f√°cil haver fraude ao contr√°rio do que pensam. fa√ßam vcs mesmos uma pesquisa no Google e o fato √©  que v√°rios pa√≠ses DESENVOLVIDOS n√£o usam este processo por ser inseguro. Portanto h√° sim fraudes. e n√£o precisamos ser expert, pois um pa√≠s como o Brasil onde a corrup√ß√£o impera, a urna eletr√¥nica seria um para√≠so inviol√°vel. fa√ßa o favor n√£o sou trouxa",0,false,0,,,,,,
Ugh8iVydB1bia3gCoAEC,Ruth Ramires,1 year ago,1497228976956,"NARIZINHO N√ÉO SEJA BURRA, AS URMAS FORAM FRAUDADAS COM CERTEZA, S√ì √Ä FAVOR DOS PE_TRALHAS, OS OUTROS QUE GANHARAM N√ÉO FOI POR GRAUDE, MAS DE REPENTE O BRASIL VRRMELHOU DE VEZ E N√ÉO ESTAVA ACONTECENDO Isto, n√£o mais que de repente, a terrorista mor, venceu a elei√ß√£o, para azar dela pr√≥pria, isto √© prova de que ela faria o diabo e o diabo foi a fraude a mentira, agora veja o que o diabo est√° fazendo com ela, e levou os que deram ouvido as suas mentiras,Povo encabrestado, √© f√°cil de ser enganado, e por causa deles todos n√≥s estamos pagando, espero em Deus, que ela desapare√ßa das nossas vidas, v√° pra junto daquele moribundo ambulante, voc√™s se entenderam muito bem, pois s√£o da mesma laia, e pensam as mesmas bostas, leve todos os comunas com voc√™, queremos nosso Brasil liberto de voc√™s bandidos, ladr√µes e canalhas, saiam daqui porque voc√™s n√£o merecem viver no meio de gente pac√≠fica, voc√™s merecem viver no meio de monstros como voc√™s, gostaria que fosse igual a 64, e sem anistia, e muito paredon para todos s√£o meus sinceros votos de felicidade.",0,false,0,,,,,,
UghGUJBlj5a03XgCoAEC,PATRIOTA Brasil!,1 year ago,1497228976961,Urna eletr√¥nica √© FRAUDE! Fomos enganados!,0,false,0,,,,,,
UgjzgkYK24M56ngCoAEC,jos√© Francimar,1 year ago,1497228976970,"Se essas urnas fossem seguras, audit√°veis e √† prova de falhas, seriam utilizadas em outros pa√≠ses em que n√£o h√° ditaduras. Tem pessoas aqui mesmo no Brasil, especialistas que garantem que elas n√£o s√£o seguras.  Quem conhece minimamente inform√°tica sabe que para ser invadido qualquer dispositivo, basta estar conectado de alguma forma.",0,false,0,,,,,,
UghZoxwnt3qasngCoAEC,wagner rodrigues,1 year ago,1497228976974,"Tem que dar um cala boca nessa perua vagabunda.
 Tem que tomar tudo o que ela roubou do povo brasileiro.
 Deixa-la som com as calcinhas , e olha l√°.",0,false,0,,,,,,
Ugg-4T2euyU5THgCoAEC,vera l. m. lucena,1 year ago,1497228976981,"Ser√° que ningu√©m viu o v√≠deo da urna votando s√≥zinha?? E n√£o √© s√≥ o Brasil que adotou essa urna, a  Venezuela tamb√©m usou
essa urna para eleger Maduro! KKKKKKKKKK",0,false,0,,,,,,
UggThdPWImIGq3gCoAEC,Aloisio Baltazar Almeida,1 year ago,1497228976986,"Senador Magno Malta, meu apoio, o senhor est√° cert√≠ssimo, o ""gabir√∫"" Renan, tem como regra do jogo, fraudar as urnas aqui em Alagoas (veja caso Jo√£o Lyra) √© um safado e pode acus√°-lo de traidor de fam√≠lia e do pa√≠s. O senhor pode pesquisar a cidade de Muric√≠, o cara √© um canalha e merece o nome de CANALHEIRO. Muito bom o estigma.",0,false,0,,,,,,
UgisjtL3LGGIMXgCoAEC,Flavio Bonaldi,1 year ago,1497228976993,Para mim as urnas s√£o manipuladas em determinadas sess√µes de alguns munic√≠pios. Provavelmente conforme pesquisa de inten√ß√µes de voto. Existem v√≠deos sobre o assunto feitos por t√©cnicos especializados.,0,false,0,,,,,,
Ugji3Di1yRVVFngCoAEC,Pedeo Lemos,1 year ago,1497228976997,Voc√™s petistas comunista √© que s√£o fraudulentos.,0,false,0,,,,,,
UgipqhoDQFlGhngCoAEC,Marcos Silva,1 year ago,1497228977006,"Analfabetismo funcional d√° nisso, confundir PROCESSO ELEITORAL FRAUDULENTO com URNAS FRAUDULENTAS e eu diria, APURA√á√ÉO FRAUDULENTA (que tamb√©m √© diferente)...Em tempo, com rela√ß√£o √†s urnas, elas n√£o s√£o audit√°veis, o que, independente do processo eleitoral fraudulento ou apura√ß√£o fraudulenta, impede ratificar vota√ß√µes, portanto as tornam duvidosas, j√° que n√£o se pode fazer cruzamento entre elas e a apura√ß√£o.",0,false,0,,,,,,
UgglK1dvHVEdJ3gCoAEC,Joao Batista Lima deMelo Melo,1 year ago,1497228977010,"fim das urnas eletr√¥nicas, verdadeiras maquinas ladronas.",1,false,0,,,,,,
UgjL-FkYCc4w53gCoAEC,Dora Abreu,1 year ago,1497228977018,"Essa senadorazinha de meia pataca n√£o perde a arrog√¢ncia, ao inv√©s de ficar defendendo a Presidente corrupta, devia come√ßar a se preocupar com o processo que vem a√≠ contra ela pelos milh√µes em propina que recebeu, bem como com seu marido tamb√©m corrupto que brevemente ser√° r√©u. Essa voz dela nojenta incomoda as pessoas de bem. Lugar de parlamentar bandida √©  no pres√≠dio.",1,false,0,,,,,,
Ugi3kinca6tOwXgCoAEC,Todo tipo de v√≠deo !,1 year ago,1497228977022,tem toda raz√£o,1,false,0,,,,,,
UggL0YdmdwfnyXgCoAEC,Sonia Canedo,1 year ago,1497228977030,"Parab√©ns Magno Malta.√â outra vergonha para o nosso pa√≠s.J√° foi provado como √© simples fraudar as urnas eletr√¥nicas.O Brasil √© o √∫nico pa√≠s que possui este m√©todo de vota√ß√£o,pois nem o Paraguai que √© conhecido como tudo √© falsificado,n√£o adotou tais Urnas.Basta pesquisar e ver que simplicidade √© fraudar as urnas.",1,false,0,,,,,,
UggGGomtvzLufngCoAEC,sharkocananeia,1 year ago,1497228977923,"Ser√° que os 100 mil que ele recebeu ""por foira"" ele usou pra comprar a vaguinha dele? Se as urnas foram fraudadas, os votos nele tamb√©m devem ter sido...",0,false,0,,,,,,
UggNSfMYrC0sSngCoAEC,Laura Ciachero,1 year ago,1497228977929,"Os cidad√£os t√™em o direito de votarem nas antigas c√©lulas de papel.
Urna eletr√¥nica, n√£o !_..
facilidade de roubo, chega de engana√ß√£o.",2,false,0,,,,,,
UgiFJH78GgExx3gCoAEC,marcelo mello,1 year ago,1497228977935,Sou totalmente contra essas porcarias de urnas  eletr√¥nicas...,2,false,0,,,,,,
UgjwOPHkOOf-nHgCoAEC,Romulo Salomone,1 year ago,1497228977942,"E as urnas tamb√©m precisam poder ser auditadas quando for o caso de confer√™ncia. O deputado Bolsonaro tem uma proposta para que seja inclu√≠do no programa das urnas, a emiss√£o de um voto impresso, preenchido ao mesmo tempo do voto eletr√¥nico.",10,true,10,,,,,,
,,,,,,,,UgjwOPHkOOf-nHgCoAEC.8HbnAVKsW5x8HrPLzxMHOZ,PATRIOTA Brasil!,1 year ago,1497228978422,Urna eletr√¥nica √© FRAUDE! Fomos enganados!,1
,,,,,,,,UgjwOPHkOOf-nHgCoAEC.8HbnAVKsW5x8IvG7_IbsZe,moises Correa,1 year ago,1497228978428,"Essas urnas tamb√©m elegeram Magno Malta senador e Jair Bolsonaro deputado,ser√° se ambos fraudaram as urnas tamb√©m?  Olha o Bolsonaro ganhou muito voto acho que ele fraudou as urnas.",1
,,,,,,,,UgjwOPHkOOf-nHgCoAEC.8HbnAVKsW5x8IvZiXFyQxv,Romulo Salomone,1 year ago,1497228978434,"+moises Correa N√£o d√° pr√° defender as urnas, elas n√£o podem ser auditadas. N√£o √© poss√≠vel tirar d√∫vidas, est√° faltando transpar√™ncia. O programa √© antigo, sujeito a invas√µes e √© motivo de preocupa√ß√£o sim. Acho que deveram aperfei√ßoar o sistema, j√° est√° na hora.",1
,,,,,,,,UgjwOPHkOOf-nHgCoAEC.8HbnAVKsW5x8J3aENMBpj2,Eduardo Pereira,1 year ago,1497228978441,"O processo √© secreto, auditado pelo Dias Tofolli que √© um PTralha, pode haver fraude sim j√° que √© tudo secreto, isso n√£o deveria ser assim!!!",3
,,,,,,,,UgjwOPHkOOf-nHgCoAEC.8HbnAVKsW5x8J3b04plha0,Romulo Salomone,1 year ago,1497228978446,+Eduardo Pereira Ainda mais com esse Tofoli no meio.,3
,,,,,,,,UgjwOPHkOOf-nHgCoAEC.8HbnAVKsW5x8JL46PzkOV5,AMORIM Empresa,1 year ago,1497228978451,"+Eduardo Pereira..., tofolli...!!! üòÇ üòÇ üòÇ üòÇ üòÇ. ..s√≥ os brasileiros tem , q coisa boa n√≥s temos...ningu√©m falou de urnas fraudadas e a mulher j√° se enlouquece! üòÇ üòÇ üòÇ üòÇ....disfar√ßa ""p√¥""!  üòÇ üòÇ üòÇ üòÇ üòÇ üòÇ üòÇ üòÇ üòÇ üòÇ üòÇ üòÇ üòÇ üòÇ üòÇ üòÇ üòÇ....",1
,,,,,,,,UgjwOPHkOOf-nHgCoAEC.8HbnAVKsW5x8SnhsYu1euq,marco vecchi,1 year ago,1497228978456,N√£o convence ! Nos EUA o voto √© impresso. √â igual jogo do bicho. Vale o que est√° escrito. N√≥s ainda n√£o temos cultura para sermos alvos de total confiabilidade.,2
,,,,,,,,UgjwOPHkOOf-nHgCoAEC.8HbnAVKsW5x8Sro87a9ePy,N√£o esque√ßa o email aberto,1 year ago,1497228978463,"moises Correa verdade, boa pergunta.",0
,,,,,,,,UgjwOPHkOOf-nHgCoAEC.8HbnAVKsW5x8cr9PvevYEY,Vendelino Polesso,3 months ago,1520816178467,Eu n√£o voto mais...si votar n√£o sou eu que voto....pois que meche nas urnas s√£o bandido ladr√£o...duvido se n√£o tem falcidade neses votos comtados....ta serto o povaooo e burro.mais nem tamto.acorda povaoooo,0
,,,,,,,,UgjwOPHkOOf-nHgCoAEC.8HbnAVKsW5x8gdIASpFUYV,Aramys Teixeira,2 weeks ago,1527555378477,"Ai seria necessario uma contagem manual dos votos, fazendo com que seja desnecessario o uso de urna. Voltando para o metodo antigo.",0
Ugjzfuhr_0TRVngCoAEC,Almir M√°rio Compositor,1 year ago,1497228977950,"Incr√≠vel: O Brasil s√≥ t√™m tecnologia nas elei√ß√µes. 
porque ser√°??????",1,false,0,,,,,,
Ugi2Q231ciDzd3gCoAEC,Maria Gomes-Pfeiffer,1 year ago,1497228977955,O Brasil n√£o deve mais usar estas urnas eletr√¥nicas mas pr√≥ximas elei√ß√µes.,6,false,0,,,,,,
UgiEoWXOj8lDlXgCoAEC,Neno A,1 year ago,1497228977962,"O Ze‚Äô Cardozo Rolando Lero, com TODAS as VENEAS, quer explicar o batom na cueca assim: ""Me permitam dizer que naum e' batom.... E' um reflexo de LUZ em perfeito formato de labios""... naum houve dolo... naum houve beijo.. os labios sao santos... e a cueca esta‚Äô imaculada. E‚Äô tudo uma percepcao. Naum ha' suporte fa'ticos para corroborar a existencia do batom, o cheiro do batom que alguns alegam, e' na verdade o odor do amaciante que foi usado na lavagem da cueca, portanto devemos rejeitar esta acusacao sendo que a acusacao e' um grave equivovo e portanto este processo e' nulo"" 

O Voto da Gleisi p/ aprovacao do relatorio , pedindo ""OUSADIA"" hahaha Boa ! e ainda quer eleicoes agora no comeco de 2017 .. a OUSADIA que ela se referiu e' bem menor do que a Ousadia que o (marido) Bernardo teve p/ chefiar o roubo dos pobres... igual o Azevedo falou.... uma coisa e‚Äô comer o bife, outra e' voce morder a vaca kkkk Tenha vergonha senhora Gleisi... pede p/ sair... 
Gleisi/Bearnardo: PTralhas CONSISTentes.. ""Consist"" hahaha 

Pensando bem... Por outro Lado.... Falem o que quiser da Gleisi... ela merece credito pela tamanha cara de pau que ela tem.... Gente... naum deve ser NADA facil fazer o papel dela... fala a verdade... e ainda fazer o que ela faz sem tomar umas cachacas... na cara lisa ??? vamos dar credito p/ ela... 

Foi ""priceless"" o comportamento PTista dela dizendo que TODOS os senadores estao envolvidos em processos.. KKKK Tipico comportamento PTista.... porque ela esta', pensa que TODOS estao.... e ai' pede novas eleicoes ja' ? KKKK igual quando alguem esta' perdendo feio o jogo . e quer comecar tudo de novo.... 

Se a Gleise quer eleicoes gerais ja' e' porque ela recebeu bem mais de um milhao mencionado pelo Youssef.... o Gilmar Mendes disse que o PT tem dinheiro p/ eleicos ate' 2030 (salvo erro do ano aki mencionado) hahahaha 

Se eu pudesse escolher uma frase que foi um tapa na cara de cada petista ontem foi esta: ""O PT naum se importa que o Brasil se acabe em cacos, desde que os cacos terminem nas maos deles"" P Q P... foi de lascar... 

Alguns exemplos de mulher de fibra: Snds Ana Amelia, Simone Tebet. Que orgulho destas mulheres que fazem o nosso Brasil brilhar.",0,false,0,,,,,,
Uggcgst4DQz9bHgCoAEC,GoianoPK,1 year ago,1497228977970,"Orgulho do Pa√≠s, parab√©ns Magno Malta.",6,true,2,,,,,,
,,,,,,,,Uggcgst4DQz9bHgCoAEC.8HbI-ha6csE8R0_nSVAkI7,"SO JESUS CRISTO SALVA, ELE ESTA VOLTANDO OS SINAIS ESTAO SE CUMPRINDO",1 year ago,1497228978289,"Minerva Arqueira VERDADE AMIGO,. MAGNO MALTA E O ORGULHO DO BRASIL, PARABENS SENADOR MAGNO MALTAüëãüëãüëãüëãüëãüëãüëãüëãüëãüëãüëãüëãüëã",4
,,,,,,,,Uggcgst4DQz9bHgCoAEC.8HbI-ha6csE8UmAUfMmVLD,laudevino luiz vicente,11 months ago,1499820978296,ele √© mesmo entulho  do pais  acompanhando  quem faz apologia  ao crime  quem se mistura com porco come bosta,0
UgieFe-EhXTjFHgCoAEC,Lu√≠s Guilherme,1 year ago,1497228977989,parabens senador Magno,0,false,0,,,,,,